レディースファッション,トップス
レディースファッション,スカート、パンツ
レディースファッション,ワンピース、チュニック
レディースファッション,オールインワン、上下セットアップ
レディースファッション,ジャケット、アウター
レディースファッション,レディースシューズ
レディースファッション,レディースバッグ
レディースファッション,財布、ファッション小物
レディースファッション,水着
レディースファッション,着物、浴衣
レディースファッション,下着、靴下、部屋着
レディースファッション,スーツ、フォーマル
レディースファッション,コート
レディースファッション,ドレス、ブライダル
レディースファッション,学生服
レディースファッション,コスチューム、コスプレ衣装
レディースファッション,その他
メンズファッション,トップス
メンズファッション,ボトムス、パンツ
メンズファッション,ジャケット
メンズファッション,メンズシューズ、紳士靴
メンズファッション,メンズバッグ
メンズファッション,財布、ファッション小物
メンズファッション,メンズ水着
メンズファッション,着物、メンズ浴衣
メンズファッション,下着、靴下、部屋着
メンズファッション,ワイシャツ
メンズファッション,ネクタイ
メンズファッション,スーツ、フォーマル
メンズファッション,コート、アウター
メンズファッション,学生服
メンズファッション,その他メンズファッション
腕時計、アクセサリー,メンズ腕時計
腕時計、アクセサリー,レディース腕時計
腕時計、アクセサリー,腕時計用品
腕時計、アクセサリー,スマートウォッチ
腕時計、アクセサリー,懐中時計
腕時計、アクセサリー,レディースアクセサリー
腕時計、アクセサリー,メンズアクセサリー
腕時計、アクセサリー,ペアアクセサリー
腕時計、アクセサリー,ブライダルアクセサリー
腕時計、アクセサリー,宝石ルース、裸石
腕時計、アクセサリー,アクセサリーリフォーム
