連番,氏名,氏名（カタカナ）,性別,電話番号,メールアドレス,郵便番号,住所,,,,,年齢
1,長井美南,ナガイミナミ,女,0771749188,inagai@qarnjeks.iwb,606-8372,京都府,京都市左京区,吉永町,2-9,吉永町ランド202,49
2,中嶋良昭,ナカジマヨシアキ,男,0881634947,yoshiaki252@gxcn.uwh,789-0584,高知県,香美市,土佐山田町北滝本,2-17,土佐山田町北滝本シーサイド409,45
3,塩見邦子,シオミクニコ,女,0749719389,kunikoshiomi@tvoxkm.wng,523-0886,滋賀県,近江八幡市,西末町,4-2-11,,41
4,本山千穂,モトヤマチホ,女,0765367786,tmb=sxrfjchiho188@kiiwanz.ee,939-2519,富山県,南砺市,利賀村水無,1-15-7,,52
5,石黒和幸,イシグロカズユキ,男,07634273,Kazuyuki_Ishiguro@yqjensfmcf.zza,923-0054,石川県,小松市,小野町,4-4-14,,59
6,市川守,イチカワマモル,男,0422227770,Mamoru_Ichikawa@rcsooh.ysm,287-0037,千葉県,香取市,与倉,2-7,フォレスト与倉109,29
7,市原康代,イチハラヤスヨ,女,0284288461,ucntz-prz-ayjyasuyo371@cintx.vzd,379-2162,群馬県,前橋市,小島田町,3-12-14,,55
8,古屋利彦,フルヤトシヒコ,男,0580713664,toshihiko_furuya@tioegidgzb.rui,501-3147,岐阜県,岐阜市,芥見堀田,2-17-19,,48
9,玉木天音,タマギアマネ,女,0964698629,amane_tamagi@gyiahoxday.zn,863-1721,熊本県,天草市,魚貫町,3-11,魚貫町荘311,34
10,黒沢敏,クロサワサトシ,男,0887838140,satoshi2066@syjrlok.xyu,787-0015,高知県,四万十市,右山,3-17-20,プラザ右山215,34
11,日高幸司,ヒダカコウジ,男,0737650117,kouji70708@plpbtenazy.log,643-0162,和歌山県,有田郡有田川町,松原,2-17-4,,51
12,難波理恵,ナンバリエ,女,0853507089,rie6392@vhylszw.yon,699-0763,島根県,出雲市,大社町日御碕,4-3-15,大社町日御碕グランド309,37
13,畠中達男,ハタナカタツオ,男,0479976447,tatsuo0769@eukw.due,299-1114,千葉県,君津市,草牛,3-1,,48
14,永山佳織,ナガヤマカオリ,女,0247964311,kaori_nagayama@mzmxfuj.qi,964-0871,福島県,二本松市,成田町,2-12-18,プレイス成田町311,33
15,矢崎忠雄,ヤザキタダオ,男,0895297318,tadaoyazaki@deamuxdcp.qo,794-0116,愛媛県,今治市,玉川町畑寺,4-20,,22
16,丹羽詩織,タンバシオリ,女,0778964458,Shiori_Tamba@mequul.dez,910-0842,福井県,福井市,開発,1-17,開発テラス412,19
17,西谷若奈,ニシタニワカナ,女,027023112,anishitani@osabfqlbn.mttrm.yic,371-0213,群馬県,前橋市,粕川町一日市,4-17-1,,29
18,小堀利男,コボリトシオ,男,0247791558,toshio69326@hdwjir.wda,963-7764,福島県,田村郡三春町,北向町,4-15-13,,40
19,合田勝美,アイダカツミ,男,055315850,ypiqra=vcs=m-ukatsumi131@vyvhifctjv.dyv,402-0205,山梨県,南都留郡道志村,椿,3-10-16,,30
20,庄司新次郎,ショウジシンジロウ,男,0736193292,shinjiroushouji@zeazjzgtkg.yi,649-1325,和歌山県,日高郡日高川町,中津川,4-3-14,中津川プラザ117,38
21,羽田恒敏,ハタツネトシ,男,0175790339,tsunetoshi0352@tgvfrd.ghp.di,036-8031,青森県,弘前市,北柳町,3-20-8,,20
22,内野君子,ウチノキミコ,女,0765277827,kimikouchino@wanrjaokbd.hil,920-0976,石川県,金沢市,十三間町,2-3,,55
23,梶寿子,カジトシコ,女,0145205300,toshiko_kaji@tcdppyl.snztt.wc,063-0850,北海道,札幌市西区,八軒十条西,2-3,ヴィレッジ八軒十条西407,58
24,清田節男,キヨタセツオ,男,0466203821,okiyota@cnwiagfnui.kp,251-0043,神奈川県,藤沢市,辻堂元町,3-5-8,辻堂元町ヒル101,26
25,中新次郎,ナカシンジロウ,男,0973664436,unaka@hwjhnarbh.iv,872-0505,大分県,宇佐市,安心院町戸方,1-18,安心院町戸方プレシャス403,24
26,内藤香帆,ナイトウカホ,女,0761983949,mdraawkzkykaho221@bpjmsxmpt.fnb,920-0967,石川県,金沢市,菊川,1-11-1,,51
27,宮田正俊,ミヤタマサトシ,男,0197667902,masatoshi1502@dzzw.pl,025-0324,岩手県,花巻市,小瀬川,3-12,,21
28,中里留吉,ナカザトトメキチ,男,0999546484,Tomekichi_Nakazato@pdys.gy,899-7301,鹿児島県,曽於郡大崎町,菱田,1-8-2,菱田ロイヤルパレス109,55
29,梅津京子,ウメヅキョウコ,女,0448439569,oumezu@zwpwu.zra,367-0018,埼玉県,本庄市,諏訪町,3-16-4,,10
30,岡田克美,オカダカツミ,男,0955616943,katsumi50583@ijwifuybko.kx,851-0114,長崎県,長崎市,牧島町,4-19-16,牧島町ガーデン107,29
31,森川真弓,モリカワマユミ,女,0764020786,imorikawa@knjnatvxs.gp,920-3131,石川県,金沢市,百坂町,3-15-6,,26
32,浅川愛華,アサカワアイカ,女,0980940138,aika84231@skgp.qe.hpz,901-2127,沖縄県,浦添市,屋富祖,1-7-19,ヴィレッジ屋富祖105,52
33,横川秀雄,ヨコカワヒデオ,男,0831802790,Hideo_Yokokawa@swkaklzpyq.ci,740-0321,山口県,岩国市,入野,1-14-13,,25
34,細川喜一郎,ホソカワキイチロウ,男,0993257569,kiichirou5422@ewwbr.ncg,899-1303,鹿児島県,出水郡長島町,指江,4-9-10,,11
35,布施百合子,フセユリコ,女,0761044102,yuriko922@ftevqlweh.rxh,927-2101,石川県,輪島市,門前町西円山,4-4,,41
36,富田知子,トミダトモコ,女,0987702605,otomida@udcuszeh.lbhdu.prh,906-0107,沖縄県,宮古島市,城辺友利,3-17,城辺友利ロイヤル211,24
37,小松敏哉,コマツトシヤ,男,0898687422,toshiyakomatsu@nwxcww.oj.soa,791-1126,愛媛県,松山市,大橋町,1-12-17,,23
38,鎌田奈美,カマタナミ,女,0191065792,nami_kamata@zzycctndrm.iw,028-4423,岩手県,岩手郡岩手町,土川,2-3,,42
39,福島百香,フクシマモモカ,女,0954163609,momokafukushima@pzfs.wg,851-2107,長崎県,西彼杵郡時津町,久留里郷,1-6-6,,35
40,望月春,モチヅキハル,女,0777865092,umochizuki@vjssqt.vp,614-8233,京都府,八幡市,内里河原,2-7,,12
41,田原正敏,タワラマサトシ,男,0739167626,masatoshitawara@dlsc.bghu.duo,640-8212,和歌山県,和歌山市,杉ノ馬場,1-1-16,杉ノ馬場ヒル410,15
42,伊東仁明,イトウヒトアキ,男,0274496349,hitoaki5583@yskobefh.img,370-0027,群馬県,高崎市,上滝町,2-12,グランド上滝町310,29
43,香川花穂,カガワカホ,女,074432647,kaho91737@yiqingxiu.luz,639-2245,奈良県,御所市,今住,1-20-20,今住ヒル412,32
44,石渡勝一,イシワタリカツイチ,男,0980479289,katsuichi_ishiwatari@qhiyab.ovm,905-1206,沖縄県,国頭郡東村,有銘,4-9,,55
45,大貫藍子,オオヌキアイコ,女,0795657421,ooonuki@liwhh.fbq,653-0823,兵庫県,神戸市長田区,池田経町,2-6-11,ステーション池田経町318,49
46,植木伸浩,ウエキノブヒロ,男,0770592357,oueki@qkvic.hpcv.dm,918-8231,福井県,福井市,問屋町,1-16,,48
47,安斉好一,アンザイヨシカズ,男,0279122018,yoshikazu346@aclr.vajre.icy,374-0068,群馬県,館林市,台宿町,4-17-16,コンフォート台宿町310,26
48,郡司信吉,グンジシンキチ,男,0539334942,igunji@kpqy.klr,411-0803,静岡県,三島市,大場,2-16-16,レジデンス大場114,19
49,渥美政次,アツミマサツグ,男,0165679095,masatsuguatsumi@yovhkamj.yf,080-0040,北海道,帯広市,西十条北,4-13-3,パレス西十条北415,33
50,飯塚孝三,イイヅカコウゾウ,男,0930583945,kouzou01347@hfrldrigp.nw,838-0004,福岡県,朝倉市,隈江,2-20,リバーサイド隈江219,58
51,宮内雛子,ミヤウチヒナコ,女,0256638536,hinako999@dpxea.yb,950-2034,新潟県,新潟市西区,新田,4-12-9,,50
52,井出新一,イデシンイチ,男,0189037082,shinichi93354@pjxfdygfm.kyphs.cgt,018-0401,秋田県,にかほ市,両前寺,1-11-20,タウン両前寺312,40
53,中林辰雄,ナカバヤシタツオ,男,0243473360,tatsuo1288@stbt.gej,965-0012,福島県,会津若松市,居合町,1-4-10,,58
54,森田英紀,モリタヒデノリ,男,0774928549,hidenori_morita@widjtanmyj.yw.nj,604-8852,京都府,京都市中京区,壬生東大竹町,3-16-10,,58
55,宮川邦仁,ミヤカワクニヒト,男,0857197725,kunihito78890@uvzu.ue,689-0528,鳥取県,鳥取市,青谷町澄水,2-20-2,青谷町澄水ステーション101,24
56,遠山奈緒,トオヤマナオ,女,0459021215,otooyama@doqejx.gg,283-0105,千葉県,山武郡九十九里町,粟生,4-5,,29
57,鶴田奈緒,ツルタナオ,女,0337005309,nao25957@wvwedqunj.sonh.av,101-0029,東京都,千代田区,神田相生町,1-17-15,,46
58,前野晃子,マエノアキコ,女,0550883835,akiko_maeno@ambdpcauge.cbq,409-3804,山梨県,中央市,井之口,3-10-18,,25
59,吉崎隆司,ヨシザキタカシ,男,0176614359,takashi832@gbrujno.li.xva,038-0242,青森県,南津軽郡大鰐町,森山,1-6-20,,42
60,小山弥太郎,オヤマヤタロウ,男,0776444883,Yatarou_Oyama@jhbtcntye.msr,912-0138,福井県,大野市,花房,2-15-4,,18
61,竹村佐一,タケムラサイチ,男,0553448791,itakemura@wocy.hmq,400-0807,山梨県,甲府市,東光寺,4-10-16,,56
62,白川良二,シラカワリョウジ,男,0649966382,ryouji2038@pmhyv.zz,569-0014,大阪府,高槻市,野田東,4-14-5,,42
63,三上里沙,ミカミリサ,女,0550001287,risamikami@byullwjicx.ini.kk,406-0043,山梨県,笛吹市,石和町河内,4-4-1,,34
64,内村雅典,ウチムラマサノリ,男,073751060,agzwxalagtvmb-zmasanori934@knzxorqwh.rwlpm.ht,649-3165,和歌山県,西牟婁郡すさみ町,佐本中野,2-9-17,,44
65,安藤稔,アンドウミノル,男,0889736635,minoruandou@xpkcexeh.zq,771-1626,徳島県,阿波市,市場町伊月,2-6,,23
66,米山陽花,コメヤマハルカ,女,0352509858,harukakomeyama@lprvclzr.uwxs.bkp,108-0073,東京都,港区,三田,3-12,,11
67,風間柑奈,カザマカンナ,女,0246187888,kamna_kazama@jhzcajyltq.tig,969-6008,福島県,会津若松市,北会津町大島,3-16-15,,23
68,塩沢大和,シオザワヤマト,男,0871494716,yamato207@lqrsnwudqu.gno,761-0122,香川県,高松市,牟礼町大町,4-14,,40
69,谷春菜,タニハルナ,女,097845548,haruna51554@atzazevs.rw.imt,877-1107,大分県,日田市,大鶴町,3-1-9,大鶴町パレス102,34
70,澤田五月,サワダサツキ,女,0859798213,satsuki3986@tvrryfzd.ls,683-0055,鳥取県,米子市,冨士見町,4-18-17,,58
71,田原照子,タワラテルコ,女,0750905556,teruko3161@hewnoqluyr.hvj,570-0043,大阪府,守口市,高瀬旧馬場,4-19-17,,28
72,関根新次郎,セキネシンジロウ,男,0554445902,Shinjirou_Sekine@hqgfvjelo.lj,400-0834,山梨県,甲府市,落合町,3-20-19,,18
73,志賀伊代,シガイヨ,女,0170770829,Iyo_Shiga@iwngnzq.qie,038-0101,青森県,平川市,碇ケ関,1-10-19,ゴールデン碇ケ関403,56
74,平野瑞樹,ヒラノミズキ,女,0886571406,vbvu=pfymizuki174@orbfywuo.zsjzb.cht,780-0965,高知県,高知市,福井町,1-14,福井町荘218,46
75,足立康子,アダチヤスコ,女,0468404183,yasukoadachi@ycdeys.irw,283-0047,千葉県,東金市,北幸谷,4-16-13,,35
76,岩谷昌彦,イワタニマサヒコ,男,0276732382,masahiko4432@tguexsns.xcc.rd,372-0031,群馬県,伊勢崎市,今泉町,1-11-2,ガーデン今泉町316,56
77,風間真桜,カザママオ,女,0954211425,Mao_Kazama@giec.oft.mkb,847-0316,佐賀県,唐津市,鎮西町中野,1-2,,35
78,吉田幸作,ヨシダコウサク,男,0244269939,kousaku00590@zehzbigfx.fo,969-0404,福島県,岩瀬郡鏡石町,羽鳥,3-13-9,ダイヤモンド羽鳥315,45
79,脇田里咲,ワキタリサ,女,0241814698,risa583@gsrdvte.vnt,966-0056,福島県,喜多方市,屋敷免,4-15,ハウス屋敷免400,11
80,柴山正毅,シバヤママサキ,男,0837890853,masaki4656@tlshhea.wg,756-0048,山口県,山陽小野田市,後潟下,1-7-17,後潟下シーサイド116,34
81,小暮千里,コグレチサト,女,0930435914,chisatokogure@irdjahmqt.exn,819-1612,福岡県,糸島郡二丈町,下松末,4-16-8,ステーション下松末307,38
82,中原公一,ナカハラコウイチ,男,0278727550,kouichi40453@tdrmvss.gp.kxn,377-1412,群馬県,吾妻郡長野原町,北軽井沢,3-19-17,,23
83,藤沢久,フジサワヒサシ,男,0237974875,xdcqw-=ffmhisashi6402@jeabip.nq,999-3217,山形県,上山市,菖蒲,4-19,,52
84,中沢丈人,ナカザワタケト,男,0729883789,taketo8843@vxcldzr.ls,582-0012,大阪府,柏原市,雁多尾畑,4-11-15,,56
85,小倉百華,オグラモモカ,女,0491647011,momoka7699@ocyn.mzif.dh,350-0804,埼玉県,川越市,下広谷,1-16-8,,16
86,岩本孝明,イワモトタカアキ,男,0304861206,g-xghryfhrmujctakaaki94243@cvhqbyqr.zt,106-0044,東京都,港区,東麻布,4-2,,38
87,飯田毅,イイダタケシ,男,064252973,takeshi43621@lymtdcm.hn,590-0972,大阪府,堺市堺区,竜神橋町,2-19-20,,52
88,本橋正義,モトハシマサヨシ,男,0736245477,masayoshi685@ehyfvrv.fug,645-0414,和歌山県,田辺市,龍神村東,3-17-16,,49
89,玉井亮,タマイアキラ,男,0889305486,akiratamai@tafxieyk.xtj,784-0029,高知県,安芸市,植野,3-17,,50
90,横尾勇夫,ヨコオイサオ,男,028551512,isao_yokoo@mshxktl.tc,329-1113,栃木県,宇都宮市,相野沢町,1-8,,11
91,江口松太郎,エグチマツタロウ,男,0197470361,Matsutarou_Eguchi@yoepiuz.hx,029-5521,岩手県,和賀郡西和賀町,小繋沢５４地割〜小繋沢５６地割,3-2-5,小繋沢５４地割〜小繋沢５６地割シーサイド402,25
92,荒木定夫,アラキサダオ,男,0765063936,sadao_araki@bbsw.ve,939-1515,富山県,南砺市,福野軸屋,3-5-2,,51
93,今井太郎,イマイタロウ,男,0961779868,tarou212@rmjuxphefp.kl,861-4422,熊本県,下益城郡美里町,長尾野,2-4-16,長尾野ドリーム319,37
94,岩渕琴,イワブチコト,女,094241906,Koto_Iwabuchi@ttecykb.bca,847-0802,佐賀県,唐津市,梨川内,1-12-7,,36
95,森山香帆,モリヤマカホ,女,0749414005,kaho14858@yeqcmhx.jw,527-0023,滋賀県,東近江市,八日市緑町,1-18-6,,17
96,江原瑠奈,エバラルナ,女,022216863,Runa_Ebara@eairajxl.tko,980-0802,宮城県,仙台市青葉区,二日町,3-13-9,,35
97,梅沢祐司,ウメザワユウジ,男,0974881320,gaxvyu=xdicgyuuji7505@mmwfdmrrlb.pzg,870-0151,大分県,大分市,東明野,3-19,東明野ガーデン205,45
98,寺崎紫,テラサキユカリ,女,0275602332,Yukari_Terasaki@ypjb.tm,370-3331,群馬県,高崎市,十文字町,1-18-6,,42
99,黒沢穂乃花,クロサワホノカ,女,0199535828,Honoka_Kurosawa@ngvi.mv,023-0058,岩手県,奥州市,水沢区堀ノ内,3-3-2,水沢区堀ノ内ヒル405,34
100,向井未来,ムカイミライ,女,095940032,syowxmhvpfertnmirai6722@aoygukds.dakv.su,811-5464,長崎県,壱岐市,芦辺町箱崎谷江触,1-8-19,,15
